ID,中国服歌名,乐队,可用,时长(秒),easy,normal,hard,expert,special,来源
1,Yes! BanG_Dream!,Poppin'Party,True,120.048,5,10,17,22,26,https://bestdori.com/info/songs/1
2,STAR BEAT!〜ホシノコドウ〜,Poppin'Party,True,132.816,7,14,20,25,26,https://bestdori.com/info/songs/2
3,ぽっぴん'しゃっふる,Poppin'Party,True,133.104,7,11,18,24,,https://bestdori.com/info/songs/3
4,ティアドロップス,Poppin'Party,True,150.312,9,13,19,25,27,https://bestdori.com/info/songs/4
5,夏空 SUN! SUN! SEVEN!,Poppin'Party,True,146.184,8,12,19,25,,https://bestdori.com/info/songs/5
8,空色デイズ,Poppin'Party,True,104.928,5,12,20,26,27,https://bestdori.com/info/songs/8
9,ETERNAL BLAZE,Roselia,True,113.928,9,13,19,25,26,https://bestdori.com/info/songs/9
10,Alchemy,Poppin'Party,True,119.256,7,12,19,26,26,https://bestdori.com/info/songs/10
11,Butter-Fly,Afterglow,True,116.544,7,11,20,25,26,https://bestdori.com/info/songs/11
12,走り始めたばかりのキミに,Poppin'Party,True,118.152,7,12,20,25,27,https://bestdori.com/info/songs/12
13,1000回潤んだ空,Poppin'Party,True,152.04,6,12,21,26,,https://bestdori.com/info/songs/13
14,カルマ,Afterglow,True,101.832,6,12,20,26,26,https://bestdori.com/info/songs/14
15,"Don't say ""lazy""",Afterglow,True,126.6,8,12,20,26,25,https://bestdori.com/info/songs/15
16,Hacking to the Gate,Roselia,True,126.6,7,12,18,25,,https://bestdori.com/info/songs/16
17,魂のルフラン,Roselia,True,152.784,6,12,19,25,26,https://bestdori.com/info/songs/17
18,secret base～君がくれたもの～,Pastel＊Palettes,True,143.376,5,12,21,25,,https://bestdori.com/info/songs/18
19,ドリームパレード,Pastel＊Palettes,True,107.64,6,13,20,26,,https://bestdori.com/info/songs/19
20,シュガーソングとビターステップ,"Hello, Happy World！",True,110.976,9,14,21,28,25,https://bestdori.com/info/songs/20
21,いーあるふぁんくらぶ,"Hello, Happy World！",True,113.448,7,11,20,26,26,https://bestdori.com/info/songs/21
22,シルエット,"Hello, Happy World！",True,113.544,7,14,20,25,23,https://bestdori.com/info/songs/22
24,ときめきエクスペリエンス！,Poppin'Party,True,106.728,8,13,18,25,26,https://bestdori.com/info/songs/24
25,キラキラだとか夢だとか ～Sing Girls～,Poppin'Party,True,112.584,8,14,19,25,26,https://bestdori.com/info/songs/25
26,That Is How I Roll!,Afterglow,True,103.056,7,13,18,24,26,https://bestdori.com/info/songs/26
27,True color,Afterglow,True,123.048,6,13,18,25,26,https://bestdori.com/info/songs/27
28,Scarlet Sky,Afterglow,True,108.72,6,12,19,26,26,https://bestdori.com/info/songs/28
29,BLACK SHOUT,Roselia,True,110.016,6,13,18,25,26,https://bestdori.com/info/songs/29
30,Re:birth day,Roselia,True,124.296,7,11,21,29,,https://bestdori.com/info/songs/30
31,LOUDER,Roselia,True,109.819,7,12,21,27,,https://bestdori.com/info/songs/31
32,しゅわりん☆どり～みん,Pastel＊Palettes,True,102.336,6,12,19,24,25,https://bestdori.com/info/songs/32
33,パスパレボリューションず☆,Pastel＊Palettes,True,105.072,7,12,19,25,,https://bestdori.com/info/songs/33
34,はなまる◎アンダンテ,Pastel＊Palettes,True,108.504,8,14,19,25,,https://bestdori.com/info/songs/34
35,えがおのオーケストラっ！,"Hello, Happy World！",True,100.92,6,11,18,23,25,https://bestdori.com/info/songs/35
36,ハピネスっ！ハピィーマジカルっ♪,"Hello, Happy World！",True,101.064,7,12,20,25,26,https://bestdori.com/info/songs/36
37,ゴーカ！ごーかい！？ファントムシーフ！,"Hello, Happy World！",True,101.904,7,14,21,28,25,https://bestdori.com/info/songs/37
40,Happy Happy Party!,Poppin'Party,True,124.056,6,12,19,23,,https://bestdori.com/info/songs/40
41,Don't be afraid!,Glitter*Green,True,120.384,6,12,18,25,27,https://bestdori.com/info/songs/41
42,光るなら,Poppin'Party,True,115.056,7,13,20,24,25,https://bestdori.com/info/songs/42
43,前へススメ！,Poppin'Party,True,135.048,6,13,20,26,,https://bestdori.com/info/songs/43
44,そばかす,Pastel＊Palettes,True,106.092,6,12,19,23,25,https://bestdori.com/info/songs/44
45,夢みるSunflower,Poppin'Party,True,128.856,7,13,19,25,,https://bestdori.com/info/songs/45
46,Little Busters!,Poppin'Party,True,110.55,7,13,19,25,,https://bestdori.com/info/songs/46
47,キミにもらったもの,Poppin'Party,True,105.168,6,13,18,21,,https://bestdori.com/info/songs/47
48,正解はひとつ!じゃない!!,Poppin'Party×Glitter*Green,True,107.064,7,13,20,25,,https://bestdori.com/info/songs/48
49,天体観測,Afterglow×香澄,True,111.84,7,14,19,26,25,https://bestdori.com/info/songs/49
50,MOON PRIDE,Pastel＊Palettes,True,112.44,8,14,20,26,,https://bestdori.com/info/songs/50
51,どきどきSING OUT!,户山香澄,True,114.504,8,14,20,24,,https://bestdori.com/info/songs/51
52,ハッピーサマーウェディング,"Hello, Happy World！",True,110.688,8,14,20,26,,https://bestdori.com/info/songs/52
53,陽だまりロードナイト,Roselia,True,119.232,7,11,19,25,25,https://bestdori.com/info/songs/53
54,great escape,Afterglow,True,91.368,8,13,19,26,,https://bestdori.com/info/songs/54
55,紅蓮の弓矢,Roselia,True,98.856,10,14,21,27,25,https://bestdori.com/info/songs/55
56,熱色スターマイン,Roselia,True,118.776,10,14,22,26,26,https://bestdori.com/info/songs/56
57,花園電気ギター！！！ ,花园多惠,True,106.008,10,14,20,26,,https://bestdori.com/info/songs/57
58,チョコレイトの低音レシピ,牛込里美,True,120.048,6,13,19,25,,https://bestdori.com/info/songs/58
59,ふわふわ時間,Pastel＊Palettes,True,95.4,7,13,20,25,24,https://bestdori.com/info/songs/59
60,ゆら・ゆらRing-Dong-Dance,Pastel＊Palettes,True,105.408,9,14,20,25,,https://bestdori.com/info/songs/60
61,夏のドーン！,Poppin'Party,True,110.304,8,14,19,24,,https://bestdori.com/info/songs/61
62,ひまわりの約束,"Hello, Happy World！",True,130.704,8,13,18,23,,https://bestdori.com/info/songs/62
63,The Everlasting Guilty Crown,Roselia,True,131.928,8,15,22,26,,https://bestdori.com/info/songs/63
64,八月のif,Poppin'Party,True,115.056,7,13,19,24,,https://bestdori.com/info/songs/64
65,Hey-day狂騒曲(カプリチオ),Afterglow,True,110.952,10,15,22,28,26,https://bestdori.com/info/songs/65
66,アスノヨゾラ哨戒班,Afterglow,True,95.4,10,15,21,26,27,https://bestdori.com/info/songs/66
67,only my railgun,Poppin'Party,True,104.952,9,15,21,26,25,https://bestdori.com/info/songs/67
68,YAPPY！SCHOOL CARNIVAL☆彡,"Hello, Happy World！",True,103.32,9,14,20,25,,https://bestdori.com/info/songs/68
69,せかいのっびのびトレジャー！,"Hello, Happy World！",True,107.424,8,14,22,26,25,https://bestdori.com/info/songs/69
70,SURVIVOR ねばーぎぶあっぷ！,Pastel＊Palettes,True,108.576,10,15,22,26,27,https://bestdori.com/info/songs/70
71,Red fraction,Roselia,True,107.376,8,14,20,26,,https://bestdori.com/info/songs/71
73,Time Lapse,Poppin'Party,True,123.816,9,15,21,26,,https://bestdori.com/info/songs/73
74,遠い音楽 ～ハートビート～,山吹沙绫,True,112.2,7,13,20,25,,https://bestdori.com/info/songs/74
75,-HEROIC ADVENT-,Roselia,True,103.584,9,14,21,26,,https://bestdori.com/info/songs/75
76,Determination Symphony,Roselia,True,130.8,7,13,23,27,26,https://bestdori.com/info/songs/76
77,ロメオ,"Hello, Happy World！",True,127.776,6,13,20,25,26,https://bestdori.com/info/songs/77
78,READY STEADY GO,Afterglow,True,101.736,7,13,19,25,26,https://bestdori.com/info/songs/78
79,世界は恋に落ちている,Pastel＊Palettes,True,116.376,7,14,18,23,25,https://bestdori.com/info/songs/79
80,す、好きなんかじゃない！,市谷有咲,True,97.656,8,13,19,25,,https://bestdori.com/info/songs/80
81,千本桜,Poppin'Party,True,101.352,8,14,21,26,28,https://bestdori.com/info/songs/81
82,恋は渾沌の隷也,"Hello, Happy World！",True,107.16,7,13,22,26,27,https://bestdori.com/info/songs/82
83,プライド革命,Afterglow,True,107.088,6,13,19,25,26,https://bestdori.com/info/songs/83
85,ハッピーシンセサイザ,Pastel＊Palettes,True,141.792,7,12,20,27,25,https://bestdori.com/info/songs/85
86,君じゃなきゃダメみたい,Poppin'Party,True,101.736,8,14,19,26,,https://bestdori.com/info/songs/86
87,残酷な天使のテーゼ,Roselia,True,117.528,8,13,20,26,25,https://bestdori.com/info/songs/87
88,Dragon Night,"Hello, Happy World！",True,111.36,6,11,19,24,,https://bestdori.com/info/songs/88
89,Redo,Afterglow,True,97.32,9,14,22,27,26,https://bestdori.com/info/songs/89
90,クインティプル☆すまいる,GBP! Special Band,True,110.352,8,13,20,25,,https://bestdori.com/info/songs/90
91,クリスマスのうた,Poppin'Party,True,129.984,8,13,20,25,,https://bestdori.com/info/songs/91
92,B.O.F,Poppin'Party,True,94.68,6,12,20,25,,https://bestdori.com/info/songs/92
93,Y.O.L.O！！！！！,Afterglow,True,115.32,8,14,21,27,25,https://bestdori.com/info/songs/93
94,わちゃ・もちゃ・ぺったん行進曲,"Hello, Happy World！",True,117.816,8,13,20,26,25,https://bestdori.com/info/songs/94
95,CiRCLING,Poppin'Party,True,120.048,8,14,20,25,,https://bestdori.com/info/songs/95
96,ONENESS,Roselia,True,122.328,8,13,20,27,26,https://bestdori.com/info/songs/96
97,Opera of the wasteland,Roselia,True,112.944,8,14,22,28,27,https://bestdori.com/info/songs/97
100,メランコリック,Poppin'Party,True,116.64,8,13,19,24,,https://bestdori.com/info/songs/100
101,SAKURAスキップ,Pastel＊Palettes,True,104.784,8,13,20,25,,https://bestdori.com/info/songs/101
104,もういちど ルミナス,Pastel＊Palettes,True,115.8,6,12,19,25,,https://bestdori.com/info/songs/104
105,Shangri-La,Roselia,True,112.056,7,12,18,24,23,https://bestdori.com/info/songs/105
106,Wonderland Girl,Pastel＊Palettes,True,115.68,8,14,20,25,26,https://bestdori.com/info/songs/106
107,fantastic dreamer,"Hello, Happy World！",True,99.816,8,14,20,25,,https://bestdori.com/info/songs/107
109,This game,Roselia,True,122.52,11,15,23,27,26,https://bestdori.com/info/songs/109
110,GLAMOROUS SKY,Poppin'Party,True,144.72,8,15,19,26,,https://bestdori.com/info/songs/110
111,軌跡,Roselia,True,135.6,6,11,18,21,,https://bestdori.com/info/songs/111
112,Light Delight,Poppin'Party,True,122.736,9,14,22,26,,https://bestdori.com/info/songs/112
113,Jamboree!Journey!,Afterglow,True,119.28,7,13,20,25,,https://bestdori.com/info/songs/113
115,私の心はチョココロネ,Poppin'Party,True,114.696,9,13,18,22,,https://bestdori.com/info/songs/115
116,気まぐれロマンティック,Pastel＊Palettes,True,111.6,7,12,19,24,25,https://bestdori.com/info/songs/116
117,イマジネーション,Afterglow,True,120.072,9,14,22,26,25,https://bestdori.com/info/songs/117
118,Neo-Aspect,Roselia,True,116.736,9,14,21,26,,https://bestdori.com/info/songs/118
119,Legendary,Roselia,True,110.904,8,13,20,25,,https://bestdori.com/info/songs/119
120,DAYS,Poppin'Party,True,128.064,8,13,20,25,25,https://bestdori.com/info/songs/120
121,COMIC PANIC!!!,Afterglow,True,110.352,11,15,21,26,,https://bestdori.com/info/songs/121
122,二重の虹（ダブル レインボウ）,Poppin'Party,True,109.2,9,14,20,25,,https://bestdori.com/info/songs/122
123,ふわふわ☆ゆめいろサンドイッチ,"Hello, Happy World！",True,119.136,7,13,19,24,,https://bestdori.com/info/songs/123
124,みくみくにしてあげる♪【してやんよ】,Pastel＊Palettes,True,102.816,8,14,20,26,,https://bestdori.com/info/songs/124
125,天下トーイツ A to Z☆,Pastel＊Palettes,True,91.032,8,13,22,26,25,https://bestdori.com/info/songs/125
126,Believe in my existence,Roselia,True,93.384,10,14,21,26,,https://bestdori.com/info/songs/126
127,太陽曰く燃えよカオス,"Hello, Happy World！",True,98.232,9,15,22,26,,https://bestdori.com/info/songs/127
128,六兆年と一夜物語,Roselia,True,103.848,8,14,23,29,29,https://bestdori.com/info/songs/128
129,Fantastic future,Pastel＊Palettes,True,112.392,8,14,21,26,,https://bestdori.com/info/songs/129
130,最高（さあ行こう）！,Poppin'Party,True,114.072,10,14,22,26,,https://bestdori.com/info/songs/130
131,ピコっと！パピっと！！ガルパ☆ピコ！！！,香澄×兰×彩×友希那×心,True,113.736,9,14,21,26,,https://bestdori.com/info/songs/131
132,ハイファイブ∞あどべんちゃっ,"Hello, Happy World！",True,117.624,9,14,21,26,25,https://bestdori.com/info/songs/132
133,キミの記憶,Roselia,True,130.296,6,11,19,25,,https://bestdori.com/info/songs/133
134,Reach Out To The Truth,Afterglow,True,116.52,9,14,20,26,,https://bestdori.com/info/songs/134
135,Life Will Change,Poppin'Party,True,121.872,7,12,21,26,26,https://bestdori.com/info/songs/135
136,夏祭り,Poppin'Party,True,125.904,8,12,22,25,26,https://bestdori.com/info/songs/136
137,シャルル,Roselia,True,97.704,8,13,20,25,26,https://bestdori.com/info/songs/137
138,ロミオとシンデレラ,Poppin'Party,True,113.712,7,14,20,25,,https://bestdori.com/info/songs/138
139,エイリアンエイリアン,"Hello, Happy World！",True,112.944,10,15,22,25,,https://bestdori.com/info/songs/139
140,ロストワンの号哭,Afterglow,True,120.048,10,14,23,26,25,https://bestdori.com/info/songs/140
141,GO! GO! MANIAC,"Hello, Happy World！",True,103.728,9,14,22,26,28,https://bestdori.com/info/songs/141
142,Sanctuary,Roselia,True,126,9,14,20,25,,https://bestdori.com/info/songs/142
143,ガールズコード,Poppin'Party,True,126.768,7,13,19,24,,https://bestdori.com/info/songs/143
144,ツナグ、ソラモヨウ,Afterglow,True,106.32,9,14,20,26,,https://bestdori.com/info/songs/144
145,DISCOTHEQUE,Pastel＊Palettes,True,99.912,9,14,20,26,25,https://bestdori.com/info/songs/145
146,新宝島,"Hello, Happy World！",True,127.92,8,13,19,24,24,https://bestdori.com/info/songs/146
147,ひとりじゃないんだから,彩×摩卡×莉莎×花音×鸫,True,103.704,7,13,20,25,26,https://bestdori.com/info/songs/147
148,ゼッタイ宣言〜Recital〜,Pastel＊Palettes,True,109.224,10,14,22,28,29,https://bestdori.com/info/songs/148
149,R,Roselia,True,111.12,8,13,21,26,29,https://bestdori.com/info/songs/149
150,キミがいなくちゃっ！,"Hello, Happy World！",True,106.512,9,14,19,25,,https://bestdori.com/info/songs/150
151,君に届け,Poppin'Party,True,119.232,7,13,20,25,,https://bestdori.com/info/songs/151
152,ゆりゆららららゆるゆり大事件,Pastel＊Palettes,True,102.912,7,14,20,25,,https://bestdori.com/info/songs/152
153,PASSIONATE ANTHEM,Roselia,True,98.52,9,14,21,27,,https://bestdori.com/info/songs/153
154,Crow Song,Afterglow,True,117.312,8,14,22,26,,https://bestdori.com/info/songs/154
155,Home Street,Poppin'Party,True,98.352,7,13,20,25,,https://bestdori.com/info/songs/155
156,ランブリングメモリー,Afterglow,True,117.264,7,12,19,23,,https://bestdori.com/info/songs/156
157,エクストラ・マジック・アワー,"Hello, Happy World！",True,97.392,8,13,20,27,,https://bestdori.com/info/songs/157
158,キズナミュージック♪,Poppin'Party,True,92.112,9,14,20,24,26,https://bestdori.com/info/songs/158
159,BRAVE JEWEL,Roselia,True,92.568,8,14,23,27,,https://bestdori.com/info/songs/159
160,R・I・O・T,RAISE A SUILEN,True,120.912,7,12,22,26,27,https://bestdori.com/info/songs/160
161,ツキアカリのミチシルベ,Roselia,True,112.512,7,13,19,24,,https://bestdori.com/info/songs/161
162,奏（かなで）,Pastel＊Palettes,True,121.656,6,12,18,22,,https://bestdori.com/info/songs/162
163,瞬間センチメンタル,Afterglow,True,97.2,8,14,21,26,26,https://bestdori.com/info/songs/163
164,Wake up!,Poppin'Party,True,105.744,7,14,21,26,,https://bestdori.com/info/songs/164
165,名前のない怪物,Roselia,True,116.064,7,12,21,26,,https://bestdori.com/info/songs/165
166,回レ！雪月花,"Hello, Happy World！",True,99.048,10,15,23,27,26,https://bestdori.com/info/songs/166
167,Q＆A　リサイタル！,Pastel＊Palettes,True,108.84,8,14,20,26,,https://bestdori.com/info/songs/167
168,Safe and Sound,Roselia,True,93.024,7,12,19,24,,https://bestdori.com/info/songs/168
169,ぎゅっDAYS♪,Pastel＊Palettes,True,108.072,11,15,22,26,,https://bestdori.com/info/songs/169
170,Jumpin',Poppin'Party,True,93.528,10,15,22,26,,https://bestdori.com/info/songs/170
171,はれやか すこやか ぴかりんりん♪,"Hello, Happy World！",True,101.28,10,15,22,26,,https://bestdori.com/info/songs/171
172,らしさ,Afterglow,True,113.28,7,13,21,26,26,https://bestdori.com/info/songs/172
173,夜行性ハイズ,Poppin'Party,True,105.504,7,12,20,25,,https://bestdori.com/info/songs/173
174,オトモダチフィルム,Poppin'Party,True,101.064,9,14,20,25,,https://bestdori.com/info/songs/174
175,Ringing Bloom,Roselia,True,121.296,12,16,25,29,28,https://bestdori.com/info/songs/175
176,Baby Sweet Berry Love,Pastel＊Palettes,True,104.52,8,13,20,26,,https://bestdori.com/info/songs/176
177,SAKURA MEMORIES,Poppin'Party,True,119.376,7,13,19,25,,https://bestdori.com/info/songs/177
178,革命デュアリズム,Roselia×兰,True,103.08,11,15,21,26,,https://bestdori.com/info/songs/178
179,檄！帝国華撃団,Poppin'Party×彩×心,True,122.568,10,14,20,26,,https://bestdori.com/info/songs/179
180,Returns,Poppin'Party,True,132.36,7,14,19,25,,https://bestdori.com/info/songs/180
181,NO GIRL NO CRY,Poppin'Party,True,113.112,9,14,20,24,,https://bestdori.com/info/songs/181
182,Dreamers Go!,Poppin'Party,True,105.792,8,14,20,25,,https://bestdori.com/info/songs/182
183,StaRt,"Hello, Happy World！",True,113.736,8,14,21,26,,https://bestdori.com/info/songs/183
184,ON YOUR MARK,Afterglow,True,104.832,9,15,23,26,27,https://bestdori.com/info/songs/184
185,いつも通りのBrand new days,Afterglow,True,104.424,9,14,20,25,26,https://bestdori.com/info/songs/185
186,きゅ〜まい＊flower,Pastel＊Palettes,True,92.52,9,14,21,26,27,https://bestdori.com/info/songs/186
187,FIRE BIRD,Roselia,True,130.728,9,14,20,27,29,https://bestdori.com/info/songs/187
188,緋色の空,Roselia,True,109.416,9,15,20,25,,https://bestdori.com/info/songs/188
189,えがお･シング･あ･ソング,"Hello, Happy World！",True,105.672,8,14,21,26,28,https://bestdori.com/info/songs/189
190,Daydream café,Poppin'Party,True,108.864,10,14,21,25,,https://bestdori.com/info/songs/190
191,ノーポイッ！,"Hello, Happy World！",True,97.272,8,14,20,25,,https://bestdori.com/info/songs/191
192,ときめきポポロン♪,Pastel＊Palettes,True,94.656,7,13,20,25,,https://bestdori.com/info/songs/192
193,ワクワクmeetsトリップ,Pastel＊Palettes,True,104.304,8,12,20,25,,https://bestdori.com/info/songs/193
194,UNSTOPPABLE,RAISE A SUILEN,True,102.408,8,14,21,26,,https://bestdori.com/info/songs/194
195,午夜の待ち合わせ,Afterglow,True,99.096,7,14,22,26,,https://bestdori.com/info/songs/195
196,チェリボム,Poppin'Party,True,106.176,7,15,21,26,,https://bestdori.com/info/songs/196
197,にこ×にこ＝ハイパースマイルパワー！,"Hello, Happy World！",True,107.424,9,14,20,26,,https://bestdori.com/info/songs/197
198,春擬き,Pastel＊Palettes,True,102.12,7,13,19,25,,https://bestdori.com/info/songs/198
199,ディスカバリー！,Poppin'Party,True,111,7,14,20,25,,https://bestdori.com/info/songs/199
200,約束,Roselia,True,112.248,7,13,20,25,,https://bestdori.com/info/songs/200
201,恋愛裁判,"Hello, Happy World！",True,103.056,9,14,20,25,,https://bestdori.com/info/songs/201
202,アニバーサリー,Poppin'Party,True,116.52,8,14,20,25,,https://bestdori.com/info/songs/202
203,A DECLARATION OF ×××,RAISE A SUILEN,True,120.072,8,14,21,26,,https://bestdori.com/info/songs/203
204,海色,Roselia,True,94.224,9,15,20,27,,https://bestdori.com/info/songs/204
205,青い栞,Afterglow,True,120.96,7,13,19,24,,https://bestdori.com/info/songs/205
206,1/3の純情な感情,RAISE A SUILEN,True,101.904,7,13,20,25,24,https://bestdori.com/info/songs/206
207,"Easy come, Easy go！",Afterglow,True,107.616,7,13,20,27,,https://bestdori.com/info/songs/207
208,上海ハニー,"Hello, Happy World！",True,104.376,9,13,20,26,,https://bestdori.com/info/songs/208
209,ミュージック・アワー,Poppin'Party,True,124.512,8,13,19,25,,https://bestdori.com/info/songs/209
210,あっつあつ 常夏 らぶ☆サマー！,Pastel＊Palettes,True,109.584,9,14,21,26,26,https://bestdori.com/info/songs/210
211,切ないSandglass,Poppin'Party,True,110.88,7,13,19,25,,https://bestdori.com/info/songs/211
212,スマイルブーケで た〜まや〜！,"Hello, Happy World！",True,113.712,8,13,19,24,,https://bestdori.com/info/songs/212
213,からくりピエロ,Pastel＊Palettes,True,111.816,7,13,20,25,,https://bestdori.com/info/songs/213
214,“UNIONS”Road,Roselia,True,105.84,9,14,20,26,,https://bestdori.com/info/songs/214
215,アイのシナリオ,Afterglow,True,106.056,8,14,21,26,,https://bestdori.com/info/songs/215
217,[FULL]二重の虹（ダブル レインボウ）,Poppin'Party,True,244.536,10,15,21,26,,https://bestdori.com/info/songs/217
218,ファティマ,Roselia,True,95.928,8,15,22,26,,https://bestdori.com/info/songs/218
219,Hello! Wink!,Poppin'Party,True,100.32,8,15,22,26,,https://bestdori.com/info/songs/219
220,What's the POPIPA!?,Poppin'Party,True,109.728,11,15,22,26,,https://bestdori.com/info/songs/220
221,コレカラ,"Hello, Happy World！",True,91.176,8,13,19,25,,https://bestdori.com/info/songs/221
222,Sasanqua,Afterglow,True,103.08,7,14,20,26,25,https://bestdori.com/info/songs/222
223,[FULL]ON YOUR MARK,Afterglow,True,240.72,10,16,24,27,,https://bestdori.com/info/songs/223
224,激動,RAISE A SUILEN,True,110.496,9,13,20,26,27,https://bestdori.com/info/songs/224
225,ブルーバード,Poppin'Party,True,100.32,10,14,20,25,,https://bestdori.com/info/songs/225
226,ゆめゆめグラデーション,Pastel＊Palettes,True,108.504,7,13,20,26,,https://bestdori.com/info/songs/226
227,Paradisus-Paradoxum,Roselia,True,94.392,11,15,22,28,,https://bestdori.com/info/songs/227
228,Stay Alive,Pastel＊Palettes,True,94.344,7,12,19,23,,https://bestdori.com/info/songs/228
229,[FULL]きゅ〜まい＊flower,Pastel＊Palettes,True,217.776,10,15,22,27,,https://bestdori.com/info/songs/229
230,おもいでイルミネーション,"Hello, Happy World！",True,105.504,9,13,21,25,,https://bestdori.com/info/songs/230
231,全力少年,"Hello, Happy World！",True,105.72,9,14,19,25,25,https://bestdori.com/info/songs/231
232,イニシャル,Poppin'Party,True,92.712,10,14,21,26,28,https://bestdori.com/info/songs/232
233,天ノ弱,Afterglow,True,110.472,11,15,23,28,29,https://bestdori.com/info/songs/233
234,White Afternoon,Poppin'Party,True,116.76,7,12,19,24,,https://bestdori.com/info/songs/234
235,[FULL]えがお･シング･あ･ソング,"Hello, Happy World！",True,248.064,9,15,22,27,,https://bestdori.com/info/songs/235
236,創聖のアクエリオン,Poppin'Party×友希那,True,111.48,7,13,19,25,,https://bestdori.com/info/songs/236
237,GO!!!,Afterglow×心,True,118.272,11,16,22,26,,https://bestdori.com/info/songs/237
238,花ハ踊レヤいろはにほ,Pastel＊Palettes,True,105.816,8,14,21,25,24,https://bestdori.com/info/songs/238
239,夢を撃ち抜く瞬間に！,Poppin'Party,True,92.136,7,13,19,25,,https://bestdori.com/info/songs/239
240,開けたらDream!,Poppin'Party,True,120.072,9,14,22,25,,https://bestdori.com/info/songs/240
241,甲賀忍法帖,Roselia,True,107.256,9,15,21,26,,https://bestdori.com/info/songs/241
242,Wonderful Sweet！,Pastel＊Palettes,True,104.976,10,14,21,26,,https://bestdori.com/info/songs/242
243,[FULL]FIRE BIRD,Roselia,True,322.728,10,15,21,28,,https://bestdori.com/info/songs/243
244,Step×Step！,Poppin'Party,True,111.96,7,14,19,25,,https://bestdori.com/info/songs/244
245,Song I am.,Roselia,True,102.384,8,15,23,27,,https://bestdori.com/info/songs/245
246,ドレミファロンド,"Hello, Happy World！",True,107.592,8,12,20,24,,https://bestdori.com/info/songs/246
247,EXPOSE ‘Burn out!!!’,RAISE A SUILEN,True,103.008,9,15,22,26,27,https://bestdori.com/info/songs/247
248,TWiNKLE CiRCLE,GBP! Special Band,True,110.064,9,15,21,25,,https://bestdori.com/info/songs/248
249,[FULL]キズナミュージック♪,Poppin'Party,True,314.976,10,15,21,26,,https://bestdori.com/info/songs/249
250,Break your desire,Roselia,True,108.36,8,15,21,27,,https://bestdori.com/info/songs/250
251,I love your way！,Afterglow,True,99.744,9,14,23,26,,https://bestdori.com/info/songs/251
252,インフェルノ,Afterglow,True,110.328,8,14,21,26,,https://bestdori.com/info/songs/252
253,ロキ,Afterglow,True,108.864,8,14,21,26,27,https://bestdori.com/info/songs/253
254,POP TEAM EPIC,"Hello, Happy World！",True,109.92,7,13,19,25,26,https://bestdori.com/info/songs/254
255,Daylight -デイライト-,Morfonica,True,122.52,8,14,22,26,27,https://bestdori.com/info/songs/255
256,金色へのプレリュード,Morfonica,True,108.408,8,14,20,25,,https://bestdori.com/info/songs/256
257,メリッサ,Morfonica,True,112.296,8,13,19,25,26,https://bestdori.com/info/songs/257
258,Bad Apple!! feat. nomico,Roselia,True,118.32,11,15,20,26,,https://bestdori.com/info/songs/258
259,chAngE,Morfonica,True,104.784,8,14,20,26,,https://bestdori.com/info/songs/259
260,ルカルカ★ナイトフィーバー,Pastel＊Palettes,True,127.944,8,14,21,26,,https://bestdori.com/info/songs/260
261,群青日和,Poppin'Party,True,104.976,8,13,19,26,,https://bestdori.com/info/songs/261
262,うぃーきゃん☆フレフレっ！,"Hello, Happy World！",True,99.168,9,15,20,26,,https://bestdori.com/info/songs/262
263,ブルームブルーム,Morfonica,True,110.064,9,14,21,26,25,https://bestdori.com/info/songs/263
264,Winking☆Cheer,Pastel＊Palettes,True,103.272,7,13,19,23,,https://bestdori.com/info/songs/264
265,ミライトレイン,Poppin'Party,True,108.48,9,14,19,25,,https://bestdori.com/info/songs/265
266,Avant-garde HISTORY,Roselia,True,117.96,9,14,21,26,,https://bestdori.com/info/songs/266
267,UNION,Poppin'Party,True,124.704,10,14,21,26,,https://bestdori.com/info/songs/267
268,大盛り一丁！ガルパ☆ピコ,香澄×兰×彩×友希那×心,True,111.864,10,15,21,26,,https://bestdori.com/info/songs/268
269,秒針を噛む,Morfonica,True,110.832,8,14,20,26,25,https://bestdori.com/info/songs/269
270,RED RED RED,Afterglow,True,109.2,8,13,19,26,,https://bestdori.com/info/songs/270
271,Blessing Chord,Roselia,True,121.632,8,14,21,26,27,https://bestdori.com/info/songs/271
272,ヒトリノ夜,RAISE A SUILEN,True,97.296,9,14,19,25,24,https://bestdori.com/info/songs/272
273, [原曲]final phase,联动活动,False,94.296,7,12,21,25,,https://bestdori.com/info/songs/273
274,ノスタルジックレインフォール,Pastel＊Palettes,True,104.784,8,13,19,25,,https://bestdori.com/info/songs/274
275,final phase,Poppin'Party,True,95.904,8,13,21,26,,https://bestdori.com/info/songs/275
276,LEVEL5 -judgelight-,Morfonica,True,109.296,8,13,20,25,,https://bestdori.com/info/songs/276
277,カサブタ,Afterglow,True,92.856,9,13,19,25,,https://bestdori.com/info/songs/277
278,Breakthrough!,Poppin'Party,True,128.544,9,14,21,25,,https://bestdori.com/info/songs/278
279,flame of hope,Morfonica,True,111.84,10,15,23,27,27,https://bestdori.com/info/songs/279
280,えがお、み～っけた！,"Hello, Happy World！",True,109.992,7,12,18,24,,https://bestdori.com/info/songs/280
281,右肩の蝶,Roselia,True,118.344,7,13,21,25,,https://bestdori.com/info/songs/281
282,深海少女,Morfonica,True,125.304,8,13,20,25,,https://bestdori.com/info/songs/282
283,劣等上等,RAISE A SUILEN,True,138.816,10,15,22,28,,https://bestdori.com/info/songs/283
284,I knew it!,Afterglow,True,102.672,9,14,22,27,,https://bestdori.com/info/songs/284
285,ウィーアー！,"Hello, Happy World！",True,113.64,9,14,21,25,,https://bestdori.com/info/songs/285
286,青と夏,Poppin'Party,True,118.104,9,15,21,26,,https://bestdori.com/info/songs/286
287,恋しさとせつなさと心強さと,RAISE A SUILEN,True,107.136,8,13,19,24,,https://bestdori.com/info/songs/287
288,Beautiful Birthday,RAISE A SUILEN,True,101.544,9,14,21,26,,https://bestdori.com/info/songs/288
289,!NVADE SHOW!,RAISE A SUILEN,True,106.56,9,15,22,27,,https://bestdori.com/info/songs/289
290,Power of LOVE!!!,Pastel＊Palettes,True,110.472,8,14,20,26,,https://bestdori.com/info/songs/290
291,ZEAL of proud,Roselia,True,103.44,9,15,22,27,,https://bestdori.com/info/songs/291
292,ブリキノダンス,RAISE A SUILEN,True,127.728,8,14,21,26,28,https://bestdori.com/info/songs/292
293,ONE OF US,Afterglow,True,109.2,10,15,22,26,,https://bestdori.com/info/songs/293
294,Photograph,Poppin'Party,True,118.464,7,12,20,25,,https://bestdori.com/info/songs/294
295,Nevereverland,Morfonica,True,130.992,10,15,22,27,28,https://bestdori.com/info/songs/295
296,セツナトリップ,Poppin'Party,True,128.376,9,15,22,27,30,https://bestdori.com/info/songs/296
297,おジャ魔女カーニバル!!,"Hello, Happy World！",True,93.312,9,13,20,25,,https://bestdori.com/info/songs/297
298,DANCE! おジャ魔女,Pastel＊Palettes,True,95.592,8,13,19,25,,https://bestdori.com/info/songs/298
299,Rolling star,Afterglow,True,119.304,8,15,22,26,,https://bestdori.com/info/songs/299
300,ハーモニー・デイ,Morfonica,True,97.632,9,14,21,25,,https://bestdori.com/info/songs/300
301,mind of Prominence,RAISE A SUILEN,True,101.544,9,15,21,27,,https://bestdori.com/info/songs/301
302,sister's noise,Roselia,True,97.56,8,12,20,25,,https://bestdori.com/info/songs/302
303,TITLE IDOL,Pastel＊Palettes,True,118.416,8,14,19,25,,https://bestdori.com/info/songs/303
304,SENSENFUKOKU,Afterglow,True,102.672,9,15,21,28,30,https://bestdori.com/info/songs/304
305,好き！雪！本気マジック,"Hello, Happy World！",True,125.808,8,14,19,25,,https://bestdori.com/info/songs/305
306,SAVIOR OF SONG,RAISE A SUILEN×友希那,True,90.048,9,14,20,28,27,https://bestdori.com/info/songs/306
307,ムーンライト伝説,Pastel＊Palettes×心×真白,True,125.136,7,13,19,24,25,https://bestdori.com/info/songs/307
308,ドラマツルギー,Afterglow×香澄,True,124.08,8,14,21,26,,https://bestdori.com/info/songs/308
309,Northern lights,Afterglow,True,97.848,7,13,20,26,,https://bestdori.com/info/songs/309
310,Keep Heart,Roselia,True,107.928,11,15,23,27,,https://bestdori.com/info/songs/310
311,CQCQ,Morfonica,True,115.056,8,14,21,25,,https://bestdori.com/info/songs/311
312,Sweets BAN!,Poppin'Party,True,109.296,9,14,20,25,,https://bestdori.com/info/songs/312
313,にこにこねくと！,"Hello, Happy World！",True,108.552,8,13,19,24,,https://bestdori.com/info/songs/313
314,OUTSIDER RODEO,RAISE A SUILEN,True,106.272,7,15,22,27,,https://bestdori.com/info/songs/314
315,Make it!,Pastel＊Palettes,True,123.552,8,14,20,25,,https://bestdori.com/info/songs/315
316,オレンジ,"Hello, Happy World！",True,120.912,7,13,19,25,,https://bestdori.com/info/songs/316
317,夜に駆ける,Pastel＊Palettes,True,121.896,9,14,21,26,,https://bestdori.com/info/songs/317
318,イエスタデイ,Poppin'Party,True,103.44,7,12,19,24,,https://bestdori.com/info/songs/318
319,サムライハート(Some Like It Hot!!),Afterglow,True,133.872,8,14,22,26,,https://bestdori.com/info/songs/319
320,SHINY DAYS,"Hello, Happy World！",True,115.704,7,12,19,23,,https://bestdori.com/info/songs/320
321,アゲハ蝶,Morfonica,True,126.264,7,13,20,25,23,https://bestdori.com/info/songs/321
322,DAYBREAK FRONTLINE,RAISE A SUILEN,True,126.24,7,13,21,26,,https://bestdori.com/info/songs/322
323,Synchrogazer,Roselia,True,106.464,9,15,22,26,,https://bestdori.com/info/songs/323
324,るんっ♪てぃてぃー！,Pastel＊Palettes,True,103.872,9,14,20,25,,https://bestdori.com/info/songs/324
325,EXIST,RAISE A SUILEN,True,93.744,7,13,20,26,,https://bestdori.com/info/songs/325
326,Live Beyond!!,Poppin'Party,True,120.696,8,15,21,26,,https://bestdori.com/info/songs/326
327,Sonorous,Morfonica,True,118.248,7,13,20,25,,https://bestdori.com/info/songs/327
328,Proud of oneself,Roselia,True,98.736,9,15,21,27,,https://bestdori.com/info/songs/328
329,V.I.P,Morfonica,True,117.456,7,13,21,26,,https://bestdori.com/info/songs/329
330,Original Call,Roselia,True,104.88,7,13,20,25,,https://bestdori.com/info/songs/330
331,ハウトゥー世界征服,Afterglow,True,114.504,8,14,21,26,,https://bestdori.com/info/songs/331
332,鳥の詩,Roselia,True,159.408,8,15,21,26,,https://bestdori.com/info/songs/332
333,CORE PRIDE,RAISE A SUILEN,True,107.088,7,14,21,26,,https://bestdori.com/info/songs/333
334,Happy Girl,"Hello, Happy World！",True,103.512,9,15,21,25,,https://bestdori.com/info/songs/334
335,春〜spring〜,Poppin'Party,True,133.08,7,13,19,25,,https://bestdori.com/info/songs/335
336,ラムのラブソング,Pastel＊Palettes,True,105.384,9,14,20,25,,https://bestdori.com/info/songs/336
337,overtuRe,Roselia,True,101.4,9,14,22,27,,https://bestdori.com/info/songs/337
338,My Dearest,Roselia,True,99.336,9,15,21,26,,https://bestdori.com/info/songs/338
339,Domination to world,RAISE A SUILEN,True,109.872,9,15,22,27,,https://bestdori.com/info/songs/339
340,カナユメ,Afterglow,True,110.448,7,12,19,24,,https://bestdori.com/info/songs/340
341,ないすみちゅっ！,"Hello, Happy World！",True,106.272,9,15,21,26,,https://bestdori.com/info/songs/341
342,徒花ネクロマンシー,Pastel＊Palettes,True,98.424,9,14,20,26,27,https://bestdori.com/info/songs/342
343,大河よ共に泣いてくれ,Poppin'Party,True,93.168,9,14,21,26,,https://bestdori.com/info/songs/343
344,Sing Alive,Roselia,True,102.216,8,14,21,27,28,https://bestdori.com/info/songs/344
345,ヒューマノイド,Afterglow,True,117.048,7,14,23,27,,https://bestdori.com/info/songs/345
346,Sprechchor,Roselia,True,113.664,7,14,19,25,,https://bestdori.com/info/songs/346
347,Secret Dawn,Morfonica,True,113.16,7,13,20,25,,https://bestdori.com/info/songs/347
348,灼熱 Bonfire!,RAISE A SUILEN,True,105.36,7,13,21,26,27,https://bestdori.com/info/songs/348
349,ここから先は歌にならない,Poppin'Party,True,106.176,8,14,20,26,,https://bestdori.com/info/songs/349
350,Singing “OURS”,Roselia,True,132.432,7,13,19,25,,https://bestdori.com/info/songs/350
351,DAYS of DASH,Poppin'Party×鈴木このみ,True,95.304,7,13,20,25,,https://bestdori.com/info/songs/351
352,COLORFUL BOX,Morfonica,True,127.512,7,14,20,25,,https://bestdori.com/info/songs/352
353,絆色のアンサンブル,Poppin'Party×Pastel＊Palettes×Morfonica,True,123.672,7,14,21,26,,https://bestdori.com/info/songs/353
354,夏に閉じこめて,Poppin'Party,True,109.944,9,15,20,26,,https://bestdori.com/info/songs/354
355,競宴Red×Violet,Roselia×Afterglow,True,111.144,9,15,23,28,,https://bestdori.com/info/songs/355
356,Trouble Joyful!!,Afterglow,True,104.592,8,14,22,26,,https://bestdori.com/info/songs/356
357,ラスハピーポー！,"RAISE A SUILEN×Hello, Happy World！",True,99.24,8,15,21,27,,https://bestdori.com/info/songs/357
358,ン・パカマーチ,"Hello, Happy World！",True,102.624,7,13,19,23,,https://bestdori.com/info/songs/358
359,HELL! or HELL?,RAISE A SUILEN,True,108.48,11,16,25,28,30,https://bestdori.com/info/songs/359
360,Sacred world,RAISE A SUILEN,True,100.632,8,14,22,26,,https://bestdori.com/info/songs/360
361,KING,Roselia,True,122.232,9,14,23,27,,https://bestdori.com/info/songs/361
362,きらっ☆と キミフェス！,"Hello, Happy World！",True,104.112,7,13,19,25,,https://bestdori.com/info/songs/362
363,TOMORROW,"Hello, Happy World！×Machico",True,101.256,6,12,20,26,,https://bestdori.com/info/songs/363
364,ピコたるもの、ふぃーばー！,香澄×兰×彩×友希那×心×真白×LAYER,True,107.568,7,14,22,26,,https://bestdori.com/info/songs/364
365,fly with the night,Morfonica,True,106.656,8,13,20,26,,https://bestdori.com/info/songs/365
366,ナカナ イナ カナイ,花园多惠×LAYER,True,101.496,6,11,18,21,,https://bestdori.com/info/songs/366
370,パッパレ☆人生！バーン万歳！,Pastel＊Palettes,True,104.52,9,14,22,26,,https://bestdori.com/info/songs/370
371,勇気Limit！,Poppin'Party,True,111.48,8,14,21,26,,https://bestdori.com/info/songs/371
372,Off we go.,Afterglow,True,125.4,9,14,21,26,,https://bestdori.com/info/songs/372
373,Our Carol,Roselia,True,102.288,6,12,19,24,,https://bestdori.com/info/songs/373
374,Fateful...,Morfonica,True,110.976,7,13,19,24,,https://bestdori.com/info/songs/374
375,Embrace of light,RAISE A SUILEN,True,115.32,6,11,18,22,,https://bestdori.com/info/songs/375
376,ベノム,Afterglow,True,105.84,8,14,20,25,,https://bestdori.com/info/songs/376
377,優勝 feat.Afterglow,FLOW×美竹兰,False,108.072,7,14,21,25,,https://bestdori.com/info/songs/377
378,COLORS,Afterglow×FLOW,True,112.128,7,12,19,25,,https://bestdori.com/info/songs/378
379,Keep the Heat and Fire Yourself Up,RAISE A SUILEN,True,113.856,9,14,21,26,,https://bestdori.com/info/songs/379
380,SPARK-AGAIN,Roselia,True,108.72,8,14,21,26,,https://bestdori.com/info/songs/380
381,イントロダクション,Poppin'Party,True,130.968,7,14,21,26,,https://bestdori.com/info/songs/381
382,怪物,Poppin'Party,True,121.464,6,13,21,26,,https://bestdori.com/info/songs/382
383,CORUSCATE -DNA-,RAISE A SUILEN,True,118.44,7,13,21,26,,https://bestdori.com/info/songs/383
384,ヒトリゴト,Pastel＊Palettes×ClariS,True,128.784,7,13,20,26,,https://bestdori.com/info/songs/384
385,もういちど ルミナス（联动ver）,Pastel＊Palettes×ClariS,False,118.632,7,14,20,26,,https://bestdori.com/info/songs/385
386,DEPARTURES,RAISE A SUILEN,True,99.672,7,12,19,24,,https://bestdori.com/info/songs/386
387,曇天,Roselia×LAYER,True,122.64,8,13,22,27,28,https://bestdori.com/info/songs/387
388,グッバイ宣言,Afterglow×香澄,True,134.88,10,15,22,27,,https://bestdori.com/info/songs/388
389,シル・ヴ・プレジデント,Hello Happy×彩×真白,True,121.416,8,13,21,26,,https://bestdori.com/info/songs/389
390,ぽっぴん'どりーむ！,Poppin'Party,True,108.672,8,15,21,26,,https://bestdori.com/info/songs/390
391,星の約束,Poppin'Party,True,115.944,7,14,21,26,,https://bestdori.com/info/songs/391
392,ハッピー☆マテリアル,"Hello, Happy World！",True,124.488,9,14,20,26,,https://bestdori.com/info/songs/392
393,現るっ！大怪盗ハロハッピー！,"Hello, Happy World！",True,105.072,8,14,21,26,,https://bestdori.com/info/songs/393
394,Listen!!,Afterglow,True,125.544,9,15,22,26,,https://bestdori.com/info/songs/394
395,Sparkling Daydream,Pastel＊Palettes,True,100.176,7,14,20,25,27,https://bestdori.com/info/songs/395
396,Brand new Pastel Road！,Pastel＊Palettes,True,101.808,7,13,20,25,,https://bestdori.com/info/songs/396
397,Just Awake,RAISE A SUILEN,True,120.696,10,15,22,27,,https://bestdori.com/info/songs/397
398,One step at a time,Morfonica,True,111.84,7,13,20,25,,https://bestdori.com/info/songs/398
399,Repaint,RAISE A SUILEN,True,127.68,8,15,22,27,,https://bestdori.com/info/songs/399
400,CATASTROPHE BANQUET,LAYER×纱夜×沙绫×米歇尔×瑠唯,True,109.68,9,14,22,29,,https://bestdori.com/info/songs/400
401,月光花,Morfonica,True,103.584,8,13,20,24,23,https://bestdori.com/info/songs/401
402,CiRCLE THANKS MUSiC♪,CiRCLE THANKS PARTY！特别乐队,True,129.816,8,14,21,25,,https://bestdori.com/info/songs/402
403,ヴァンパイア,Poppin'Party,True,137.616,8,13,21,26,,https://bestdori.com/info/songs/403
404,メンタルチェンソー,Afterglow,True,127.08,9,15,23,27,,https://bestdori.com/info/songs/404
405,春を告げる,Pastel＊Palettes,True,135.072,7,13,20,26,,https://bestdori.com/info/songs/405
406,Realize,Roselia,True,126.456,7,14,21,27,28,https://bestdori.com/info/songs/406
407,くちづけDiamond,"Hello, Happy World！",True,128.112,7,14,20,25,,https://bestdori.com/info/songs/407
408,unravel,Morfonica,True,140.496,8,13,21,26,,https://bestdori.com/info/songs/408
409,脳漿炸裂ガール,RAISE A SUILEN,True,122.376,8,14,22,27,29,https://bestdori.com/info/songs/409
410,閃光,Roselia,True,134.88,8,14,21,26,,https://bestdori.com/info/songs/410
411,廻廻奇譚,Roselia,True,98.664,9,15,22,26,,https://bestdori.com/info/songs/411
412,[FULL]CiRCLE THANKS MUSiC♪,CiRCLE THANKS PARTY！特别乐队,True,313.224,9,15,22,26,,https://bestdori.com/info/songs/412
413,DRIVE US CRAZY,RAISE A SUILEN,True,113.784,11,15,23,27,29,https://bestdori.com/info/songs/413
414,サクラゼンセン,Afterglow,True,108.931,7,13,20,25,,https://bestdori.com/info/songs/414
415,Freedom,Poppin'Party×夏希,True,117.816,8,13,20,25,,https://bestdori.com/info/songs/415
416,THE HISTORIC...,Roselia,True,127.608,8,14,20,26,,https://bestdori.com/info/songs/416
417,Light a fire,RAISE A SUILEN,True,109.632,6,13,19,24,,https://bestdori.com/info/songs/417
418,青空のラプソディ,Morfonica×fhána,True,106.728,7,14,21,26,,https://bestdori.com/info/songs/418
419,秘密の扉から会いにきて,Pastel＊Palettes,True,125.928,10,14,22,26,,https://bestdori.com/info/songs/419
420,あこがれacross,Pastel＊Palettes,True,108.048,8,14,20,26,,https://bestdori.com/info/songs/420
421,おもいやりハーモニー,"Hello, Happy World！",True,111.216,8,12,19,23,,https://bestdori.com/info/songs/421
422,Cry Baby,RAISE A SUILEN,True,117.672,7,14,20,26,,https://bestdori.com/info/songs/422
423,トーキョーワンダー。,Afterglow,True,110.496,7,13,20,25,,https://bestdori.com/info/songs/423
424,ハレハレ☆フォーチュン,Pastel＊Palettes,True,123.48,9,14,20,25,,https://bestdori.com/info/songs/424
425,SWITCH ON NOW,Afterglow,True,104.472,8,15,22,27,,https://bestdori.com/info/songs/425
426,メギツネ,RAISE A SUILEN,True,117.528,9,14,22,26,,https://bestdori.com/info/songs/426
427,ボクノート,Morfonica,True,128.832,6,12,19,23,,https://bestdori.com/info/songs/427
428,Happy! Happier! Happiest!,"Hello, Happy World！",True,122.16,7,13,21,26,,https://bestdori.com/info/songs/428
429,ヒャダインのじょーじょーゆーじょー,"Hello, Happy World！",True,132.672,8,15,23,28,,https://bestdori.com/info/songs/429
430,Preserved Roses,Roselia×兰,True,127.968,8,14,21,26,,https://bestdori.com/info/songs/430
431,ROZEN HORIZON,Roselia,True,137.664,11,15,23,28,,https://bestdori.com/info/songs/431
432,SOUL SOLDIER,RAISE A SUILEN,True,110.064,9,15,22,28,,https://bestdori.com/info/songs/432
433,大好き！,Poppin'Party,True,109.152,10,14,20,25,,https://bestdori.com/info/songs/433
434,Swear 〜Night & Day〜,Roselia,True,117.936,6,12,19,24,,https://bestdori.com/info/songs/434
435,"寄る辺のSunny, Sunny",Morfonica,True,111.576,8,13,21,25,,https://bestdori.com/info/songs/435
436,カラフルリバティー,Morfonica,True,105.144,11,15,21,26,,https://bestdori.com/info/songs/436
437,ハナヒバナ,Pastel＊Palettes,True,109.944,7,12,20,24,,https://bestdori.com/info/songs/437
438,Memento,Morfonica,True,136.368,7,13,20,25,,https://bestdori.com/info/songs/438
439,STYX HELIX,Roselia,True,126.888,8,13,20,26,,https://bestdori.com/info/songs/439
440,THE WAY OF LIFE,RAISE A SUILEN,True,110.184,8,14,21,26,,https://bestdori.com/info/songs/440
441,The Circle Of Butterflies,Morfonica,True,126.264,9,14,21,26,,https://bestdori.com/info/songs/441
442,独創収差,Afterglow,True,125.784,8,14,23,28,,https://bestdori.com/info/songs/442
443,うちゃパ！で ぱっぴかポーんっ！,"Hello, Happy World！",True,106.272,10,15,22,26,,https://bestdori.com/info/songs/443
444,abnormalize,Afterglow,True,117.312,8,14,21,26,,https://bestdori.com/info/songs/444
445,divine intervention,Morfonica,True,111.192,9,15,21,26,,https://bestdori.com/info/songs/445
446,狂乱 Hey Kids!!,RAISE A SUILEN,True,106.536,7,14,21,26,,https://bestdori.com/info/songs/446
447,Moonlight Walk,Poppin'Party,True,93.528,8,14,21,25,,https://bestdori.com/info/songs/447
448,Invincible Fighter,RAISE A SUILEN,True,105.432,7,14,22,27,,https://bestdori.com/info/songs/448
449,Takin’ my Heart,RAISE A SUILEN,True,105.72,7,13,20,25,,https://bestdori.com/info/songs/449
450,スカイクラッドの観測者,Roselia×いとうかなこ,True,125.088,8,13,21,26,,https://bestdori.com/info/songs/450
451,Punchline Halloween!!!,Afterglow,True,105.384,9,14,21,28,,https://bestdori.com/info/songs/451
452,Future Place,Poppin'Party,True,108.264,8,14,21,25,,https://bestdori.com/info/songs/452
453,Dear Gleam,Roselia,True,120.072,11,15,23,27,,https://bestdori.com/info/songs/453
455,Nameless Story,Morfonica,True,129.288,9,14,22,28,,https://bestdori.com/info/songs/455
456,Storyteller,"Hello, Happy World！",True,116.928,8,14,20,25,,https://bestdori.com/info/songs/456
457,DEAD HEAT BEAT,RAISE A SUILEN,True,104.52,11,16,23,28,,https://bestdori.com/info/songs/457
458,ミックスナッツ,"Hello, Happy World！",True,128.064,7,12,21,27,,https://bestdori.com/info/songs/458
459,VORACITY,RAISE A SUILEN×MYTH & ROID,True,114.648,7,13,21,26,,https://bestdori.com/info/songs/459
460,えがお、あーゆーれでぃ???,"Hello, Happy World！",True,107.016,8,13,20,25,,https://bestdori.com/info/songs/460
461,スターナイトスノウ,Poppin'Party,True,132.72,6,12,19,25,,https://bestdori.com/info/songs/461
462,シル・ヴ・プレジデント,"Hello, Happy world!×P丸様。",True,121.416,7,14,21,25,,https://bestdori.com/info/songs/462
463,もってけ！セーラーふく,"Hello, Happy world!×香澄×有咲×伊芙",True,102.456,8,14,21,26,,https://bestdori.com/info/songs/463
464,乙女はサイコパス,Poppin'Party×P丸様。,True,122.928,8,13,20,26,,https://bestdori.com/info/songs/464
465,群青,Morfonica×友希那,True,135.168,8,14,20,25,,https://bestdori.com/info/songs/465
466,フォニイ,Afterglow×96猫,True,144.768,8,14,21,26,,https://bestdori.com/info/songs/466
467,閃光,Afterglow×LAYER,True,115.44,8,14,22,27,,https://bestdori.com/info/songs/467
468,転生林檎,Roselia×＋α／あるふぁきゅん。,True,115.92,7,15,22,26,,https://bestdori.com/info/songs/468
469,Five Letters,Poppin'Party,True,108.816,5,13,20,25,,https://bestdori.com/info/songs/469
470,IGNITE GLOW,Afterglow,True,112.776,7,13,21,26,28,https://bestdori.com/info/songs/470
471,Sweet Cheers!,Morfonica,True,112.416,7,13,21,25,,https://bestdori.com/info/songs/471
472,ようこそジャパリパークへ,"Hello, Happy World！",True,97.608,6,14,21,25,,https://bestdori.com/info/songs/472
473,一逢のFull Glory,Roselia,True,112.272,8,14,21,26,,https://bestdori.com/info/songs/473
474,YELL,彩×日菜×千圣×麻弥×友希那×纱夜×莉莎×燐子×薰×花音,True,129.312,6,12,19,23,,https://bestdori.com/info/songs/474
475,See you! 〜それぞれの明日へ〜,彩×日菜×千圣×麻弥×友希那×纱夜×莉莎×燐子×薰×花音,True,128.904,6,12,19,24,,https://bestdori.com/info/songs/475
476,RiNG A BELL,Poppin'Party,True,110.832,7,14,20,25,,https://bestdori.com/info/songs/476
477,新時代,Roselia,True,140.52,7,13,20,26,,https://bestdori.com/info/songs/477
478,五等分の気持ち,Pastel＊Palettes×有咲×鸫×真白,True,135.144,7,13,21,26,,https://bestdori.com/info/songs/478
479,命に嫌われている。,Afterglow,True,109.872,8,13,21,27,,https://bestdori.com/info/songs/479
480,＊ ～アスタリスク～,Poppin'Party,True,124.752,8,14,21,26,,https://bestdori.com/info/songs/480
481,ALIVE,Morfonica,True,90.84,9,13,21,25,,https://bestdori.com/info/songs/481
482,ダーリンダンス,"Hello, Happy World！",True,124.776,8,15,22,27,,https://bestdori.com/info/songs/482
483,神っぽいな,RAISE A SUILEN,True,109.92,8,15,23,27,,https://bestdori.com/info/songs/483
484,キズナミュージック♪（支持3D演出模式）,Poppin'Party,True,108,9,14,20,24,26,https://bestdori.com/info/songs/484
485,Glee! Glee! Glee!,Glitter*Green,True,98.064,8,13,20,25,,https://bestdori.com/info/songs/485
486,[超高难易度 新SPECIAL] HELL! or HELL?,RAISE A SUILEN,False,108.48,11,16,25,28,33,https://bestdori.com/info/songs/486
487,[超高难易度 新SPECIAL] 六兆年と一夜物語,Roselia,False,103.848,8,14,23,29,35,https://bestdori.com/info/songs/487
488,Made My Day,Afterglow,True,120.384,9,14,21,27,,https://bestdori.com/info/songs/488
489,迷星叫,MyGO!!!!!,True,97.944,6,13,19,26,27,https://bestdori.com/info/songs/489
490,新しい季節に,Poppin'Party,True,102.768,8,14,21,25,,https://bestdori.com/info/songs/490
491,花呼ぶ声,kemu feat. 夢ノ結唱 POPY×夢ノ結唱 ROSE,True,114.216,8,15,21,27,,https://bestdori.com/info/songs/491
492,Call the shots,Roselia,True,107.352,9,15,22,28,,https://bestdori.com/info/songs/492
493,最強☆ソング,Poppin'Party,True,102.072,8,14,21,26,,https://bestdori.com/info/songs/493
494,ヒロイン育成計画,Poppin'Party,True,95.4,7,14,20,25,,https://bestdori.com/info/songs/494
495,DANCING DARING,RAISE A SUILEN,True,101.544,8,14,21,26,,https://bestdori.com/info/songs/495
496,少女レイ,Poppin'Party×真白,True,128.856,7,13,20,26,,https://bestdori.com/info/songs/496
497,チューリングラブ,"Hello, Happy World！×兰",True,100.632,7,14,21,26,,https://bestdori.com/info/songs/497
498,踊,RAISE A SUILEN×友希那,True,110.688,7,13,20,25,,https://bestdori.com/info/songs/498
499,アイウエ,"Hello, Happy World！",True,89.16,7,13,21,26,,https://bestdori.com/info/songs/499
500,Angel's Ladder,Morfonica,True,106.128,9,15,22,27,,https://bestdori.com/info/songs/500
501,惑星ループ,Pastel＊Palettes×PAREO,True,128.52,8,13,20,26,,https://bestdori.com/info/songs/501
502,心絵,Poppin'Party,True,109.944,7,13,20,25,,https://bestdori.com/info/songs/502
503,酔いどれ知らず,Roselia,True,104.4,9,15,22,26,,https://bestdori.com/info/songs/503
504,キミを れっつ・はぶ・ふぁん♪,"Hello, Happy World！",True,105.624,10,15,21,26,,https://bestdori.com/info/songs/504
505,-N-E-M-E-S-I-S-,RAISE A SUILEN,True,127.512,7,14,21,26,,https://bestdori.com/info/songs/505
506,ダンスホール,"Hello, Happy World！",True,133.152,7,13,19,25,,https://bestdori.com/info/songs/506
507,CHAINSAW BLOOD,Afterglow,True,127.416,9,14,21,25,,https://bestdori.com/info/songs/507
508,ファイトソング,Roselia,True,101.016,7,12,23,26,,https://bestdori.com/info/songs/508
509,オドループ,Poppin'Party,True,111,7,14,21,26,,https://bestdori.com/info/songs/509
510,ペトリコール・オベーション,Afterglow,True,100.608,9,15,21,26,,https://bestdori.com/info/songs/510
511,Sunlit Musical,Roselia,True,105.792,7,12,22,26,,https://bestdori.com/info/songs/511
512,壱雫空,MyGO!!!!!,True,92.424,8,14,21,26,29,https://bestdori.com/info/songs/512
513,栞,MyGO!!!!!,True,107.208,7,12,19,23,,https://bestdori.com/info/songs/513
514,QUEEN,Morfonica,True,127.128,7,13,21,26,,https://bestdori.com/info/songs/514
515,碧天伴走,MyGO!!!!!,True,119.424,8,14,22,27,,https://bestdori.com/info/songs/515
516,Get Wild,RAISE A SUILEN,True,125.424,7,12,20,25,,https://bestdori.com/info/songs/516
517,愛のしるし,"Hello, Happy World！",True,99.744,6,11,18,22,,https://bestdori.com/info/songs/517
518,HOT LIMIT,Poppin'Party,True,125.28,5,12,22,25,,https://bestdori.com/info/songs/518
519,私色きらめき日和,ますかっと feat. 夢ノ結唱 POPY,True,115.608,7,12,22,25,,https://bestdori.com/info/songs/519
520,Ever Sky Blue,Morfonica,True,108.984,7,12,21,26,,https://bestdori.com/info/songs/520
521,極彩色,Afterglow,True,122.664,7,12,21,26,,https://bestdori.com/info/songs/521
522,詩超絆,MyGO!!!!!,True,125.232,7,14,20,26,,https://bestdori.com/info/songs/522
523,ボクらの夏's☆ショーたいむっ！！,"Hello, Happy World！",True,103.2,7,14,21,26,,https://bestdori.com/info/songs/523
524,ふぁいぶスマイル◯オールインっ！,"Hello, Happy World！",True,124.824,7,12,20,27,,https://bestdori.com/info/songs/524
525,迷路日々,MyGO!!!!!,True,141.288,7,14,21,27,,https://bestdori.com/info/songs/525
526,燦々,Afterglow,True,125.568,11,16,24,28,,https://bestdori.com/info/songs/526
527,ほな！,Poppin'Party,True,105.216,9,15,23,27,,https://bestdori.com/info/songs/527
528,優勝 feat.Afterglow,FLOW×美竹兰,False,108.072,7,14,21,25,,https://bestdori.com/info/songs/528
529,チルドレンレコード(Re:boot),Afterglow,True,122.976,9,15,24,27,,https://bestdori.com/info/songs/529
530,音がえしのセレナーデ,Morfonica,True,120.336,6,11,18,24,,https://bestdori.com/info/songs/530
531,Ave Mujica,Ave Mujica,True,118.584,8,14,23,28,,https://bestdori.com/info/songs/531
532,祝福,Morfonica,True,91.824,8,14,22,26,,https://bestdori.com/info/songs/532
533,可愛くてごめん,Pastel＊Palettes 日菜×千圣×麻弥×伊芙,True,122.304,8,13,19,25,,https://bestdori.com/info/songs/533
534,エゴロック,"Hello, Happy World！",True,105.12,8,14,23,28,,https://bestdori.com/info/songs/534
535,D-tecnoLife,RAISE A SUILEN,True,107.928,6,13,21,26,,https://bestdori.com/info/songs/535
536,サウダージ,Afterglow,True,121.056,7,13,20,26,,https://bestdori.com/info/songs/536
537,ヒバナ-Reloaded-,Roselia,True,124.872,9,15,24,29,,https://bestdori.com/info/songs/537
538,トウキョウ・シャンディ・ランデヴ,Poppin'Party,True,112.176,7,13,22,26,,https://bestdori.com/info/songs/538
539,Be born,メガテラ・ゼロ feat. 夢ノ結唱 POPY,True,110.952,8,14,22,27,,https://bestdori.com/info/songs/539
540,影色舞,MyGO!!!!!,True,92.592,7,13,22,26,,https://bestdori.com/info/songs/540
542,歌いましょう鳴らしましょう,MyGO!!!!!,True,101.688,7,13,22,26,,https://bestdori.com/info/songs/542
543,THRONE OF ROSE,Roselia,True,118.56,9,14,21,27,,https://bestdori.com/info/songs/543
545,猛独が襲う,MyGO!!!!!,True,110.832,7,14,21,25,26,https://bestdori.com/info/songs/545
546,swim,MyGO!!!!!,True,91.128,8,14,23,26,,https://bestdori.com/info/songs/546
547,ヴィラン,Afterglow,True,112.992,6,13,19,25,,https://bestdori.com/info/songs/547
548,everyday flower,Pastel＊Palettes,True,118.392,7,12,19,25,,https://bestdori.com/info/songs/548
549,BATTLE CRY,RAISE A SUILEN,True,104.112,7,13,21,27,,https://bestdori.com/info/songs/549
550,裸の勇者,RAISE A SUILEN,True,132.576,6,13,20,26,,https://bestdori.com/info/songs/550
551,That's why I'm here,Afterglow,True,111.624,7,14,21,26,,https://bestdori.com/info/songs/551
552,テレキャスタービーボーイ,Afterglow,True,106.872,9,15,23,26,28,https://bestdori.com/info/songs/552
553,処救生,MyGO!!!!!,True,92.424,6,14,20,25,,https://bestdori.com/info/songs/553
554,Chu Chueen!,Poppin'Party,True,103.488,7,14,24,28,,https://bestdori.com/info/songs/554
555,Merry Merry Thanks!!,Morfonica,True,106.248,7,13,19,25,,https://bestdori.com/info/songs/555
556,東京テディベア,Roselia,True,127.128,6,12,20,26,28,https://bestdori.com/info/songs/556
557,青春 To Be Continued,Poppin'Party,True,115.584,7,14,21,25,,https://bestdori.com/info/songs/557
558,覚悟のLiberation,Roselia,True,114.216,7,13,20,26,,https://bestdori.com/info/songs/558
559,らいふ・いず・みゅーじかるっ♪♪♪,"Hello, Happy World！",True,107.208,6,12,19,25,,https://bestdori.com/info/songs/559
562,粉雪,Afterglow,True,103.968,7,12,18,22,,https://bestdori.com/info/songs/562
563,Overdose,Morfonica,True,122.088,6,12,19,25,,https://bestdori.com/info/songs/563
564,魔法少女とチョコレゐト,Pastel＊Palettes,True,121.656,7,13,20,26,,https://bestdori.com/info/songs/564
565,slash,Roselia,True,97.848,6,11,19,24,,https://bestdori.com/info/songs/565
566,私は最強,Poppin'Party,True,114.432,7,12,20,25,,https://bestdori.com/info/songs/566
567,強風オールバック,"Hello, Happy World！",True,129.84,6,13,19,25,,https://bestdori.com/info/songs/567
568,ホワイトノイズ,MyGO!!!!!,True,124.704,7,12,19,25,,https://bestdori.com/info/songs/568
569,カオスが極まる,Afterglow,True,101.592,10,16,24,28,,https://bestdori.com/info/songs/569
570,第ゼロ感,RAISE A SUILEN,True,116.064,6,12,19,25,,https://bestdori.com/info/songs/570
571,グッド・バイ,john feat. 夢ノ結唱 ROSE,True,131.376,7,13,21,27,,https://bestdori.com/info/songs/571
572,Radiate Warriors,Pastel＊Palettes,True,103.44,7,12,20,25,,https://bestdori.com/info/songs/572
577,A Sunset So Bright,Afterglow,True,106.8,10,15,23,27,,https://bestdori.com/info/songs/577
578,どりーみんチュチュ,Pastel＊Palettes×花音,True,131.304,8,13,19,24,,https://bestdori.com/info/songs/578
579,Ray of hope,RAISE A SUILEN,True,107.784,6,11,21,26,,https://bestdori.com/info/songs/579
580,輪符雨,MyGO!!!!!,True,90.456,7,13,20,25,,https://bestdori.com/info/songs/580
581,蒼穹へのトレイル,Morfonica,True,111.936,9,14,20,26,,https://bestdori.com/info/songs/581
582,ドラマチック！アライブ,Pastel＊Palettes,True,113.568,9,12,20,26,,https://bestdori.com/info/songs/582
583,ReReReエボリューションず☆,Pastel＊Palettes,True,106.152,7,12,19,25,,https://bestdori.com/info/songs/583
584,VIOLET LINE,Roselia,True,141.672,8,14,24,29,,https://bestdori.com/info/songs/584
585,Always recall.,Roselia,True,109.032,7,14,20,27,,https://bestdori.com/info/songs/585
586,誓いのWingbeat,Morfonica,True,126.216,11,16,25,29,30,https://bestdori.com/info/songs/586
587,アイドル,Pastel＊Palettes,True,107.04,9,14,21,25,,https://bestdori.com/info/songs/587
588,青のすみか,Afterglow,True,94.8,8,12,20,25,,https://bestdori.com/info/songs/588
589,乙女解剖,Roselia,True,113.784,8,13,19,25,,https://bestdori.com/info/songs/589
590,ノンブレス・オブリージュ,MyGO!!!!!,True,131.4,9,14,21,26,,https://bestdori.com/info/songs/590
591,きゅうくらりん,"Hello, Happy World！",True,126.6,8,14,22,28,,https://bestdori.com/info/songs/591
592,かくれんぼ,Morfonica,True,108.72,9,13,19,25,,https://bestdori.com/info/songs/592
593,ボッカデラベリタ,RAISE A SUILEN,True,123.6,6,12,19,26,,https://bestdori.com/info/songs/593
594,怪獣の花唄,Poppin'Party,True,120.072,7,13,20,25,,https://bestdori.com/info/songs/594
595,「僕は...」,MyGO!!!!!,True,102.72,6,13,19,25,,https://bestdori.com/info/songs/595
596,[超高难易度 新SPECIAL] SENSENFUKOKU,Afterglow,False,102.672,9,15,21,28,33,https://bestdori.com/info/songs/596
597,[超高难易度 新SPECIAL] HELL! or HELL?,RAISE A SUILEN,False,108.48,11,16,25,28,33,https://bestdori.com/info/songs/597
598,[超高难易度 新SPECIAL] 六兆年と一夜物語,Roselia,False,103.848,8,14,23,29,35,https://bestdori.com/info/songs/598
599,トレモロアイズ,Poppin'Party,True,119.328,7,13,19,24,,https://bestdori.com/info/songs/599
600,むすんでわらって,"Hello, Happy World！",True,107.136,6,12,20,26,,https://bestdori.com/info/songs/600
601,両翼のBrilliance,Morfonica,True,99.816,7,14,20,26,,https://bestdori.com/info/songs/601
602,Life on the Lotus,RAISE A SUILEN,True,114.072,7,13,21,27,,https://bestdori.com/info/songs/602
603,フレっとパレットFight Song!!,Pastel＊Palettes,True,108.48,7,13,19,25,,https://bestdori.com/info/songs/603
604,トリドリ＊パレット,Pastel＊Palettes,True,111.96,8,13,20,24,,https://bestdori.com/info/songs/604
605,メランコリックララバイ,Morfonica,True,105.48,8,14,21,25,,https://bestdori.com/info/songs/605
606,V.I.P MONSTER,RAISE A SUILEN,True,99.12,8,14,23,28,,https://bestdori.com/info/songs/606
607,サンバロハッピ〜！,"Hello, Happy World！",True,106.104,6,12,19,25,,https://bestdori.com/info/songs/607
608,SOUVENIR,Poppin'Party,True,105.624,6,13,20,25,,https://bestdori.com/info/songs/608
609,Floral Haven,Roselia,True,123.552,9,14,22,27,,https://bestdori.com/info/songs/609
610,逆光,Afterglow,True,118.416,6,12,19,26,,https://bestdori.com/info/songs/610
611,Glowing After,Afterglow,True,117.624,7,13,21,26,,https://bestdori.com/info/songs/611
612,Wreath of Brave,Morfonica,True,110.28,6,13,21,26,,https://bestdori.com/info/songs/612
613,ギミー！レボリューション,"Hello, Happy World！",True,120.072,9,13,21,25,,https://bestdori.com/info/songs/613
614,雨上がり、キミと,Poppin'Party,True,116.88,7,12,20,26,,https://bestdori.com/info/songs/614
615,SOULSOUP,RAISE A SUILEN,True,153.384,7,13,22,26,,https://bestdori.com/info/songs/615
616,Sage der Rosen,Roselia,True,114.168,8,12,23,26,,https://bestdori.com/info/songs/616
617,ココ☆ナツ,Pastel＊Palettes,True,107.712,8,14,20,26,,https://bestdori.com/info/songs/617
618,礎の花冠,Roselia,True,123.504,7,15,21,26,,https://bestdori.com/info/songs/618
619,Listen to Smile!,"Hello, Happy World！",True,106.824,7,12,19,24,,https://bestdori.com/info/songs/619
620,Surges,Roselia×兰,True,124.44,7,12,24,27,,https://bestdori.com/info/songs/620
621,With〜きみとわたしたちの物語〜,Pastel＊Palettes,True,110.712,7,15,19,25,,https://bestdori.com/info/songs/621
622,Start as Usual,Afterglow,True,114.936,7,14,21,26,,https://bestdori.com/info/songs/622
623,Bad Kids All Bet,RAISE A SUILEN,True,103.128,7,12,20,25,,https://bestdori.com/info/songs/623
624,名無声,MyGO!!!!!,True,113.112,7,13,20,27,,https://bestdori.com/info/songs/624
625,花咲く未来に,Poppin'Party,True,120.072,6,12,21,25,,https://bestdori.com/info/songs/625
626,ちゅ、多様性。,Poppin'Party,True,113.784,6,13,20,25,,https://bestdori.com/info/songs/626
627,勇者,Morfonica,True,110.832,6,12,20,25,,https://bestdori.com/info/songs/627
628,オトナブルー,Pastel＊Palettes,True,131.136,7,12,20,25,,https://bestdori.com/info/songs/628
629,人マニア,Roselia,True,130.464,7,12,20,26,,https://bestdori.com/info/songs/629
630,クラクラ,"Hello, Happy World！",True,93.24,7,13,20,26,,https://bestdori.com/info/songs/630
631,Bling-Bang-Bang-Born,RAISE A SUILEN,True,104.784,7,14,21,26,,https://bestdori.com/info/songs/631
632,カゲロウデイズ,Afterglow,True,109.272,7,13,22,26,,https://bestdori.com/info/songs/632
633,雑踏、僕らの街,MyGO!!!!!,True,105.312,9,15,24,28,,https://bestdori.com/info/songs/633
634,輪舞-revolution,Morfonica,True,101.304,7,12,19,25,,https://bestdori.com/info/songs/634
635,過惰幻,MyGO!!!!!,True,114.408,5,11,18,23,,https://bestdori.com/info/songs/635
636,ティリカモニカリラ,Morfonica,True,104.376,8,14,19,27,,https://bestdori.com/info/songs/636
637,サインはB,Pastel＊Palettes,True,98.112,7,14,23,26,,https://bestdori.com/info/songs/637
638,FRONTIER FANTASIA,Roselia,True,111.96,7,13,20,26,,https://bestdori.com/info/songs/638
639,ファタール,Roselia,True,97.752,7,14,22,26,,https://bestdori.com/info/songs/639
640,すきっちゅーの！,Pastel＊Palettes,True,98.112,8,13,19,25,,https://bestdori.com/info/songs/640
641,ハイタッチ／＼びりーばーず☆,"Hello, Happy World！",True,113.52,7,14,20,25,,https://bestdori.com/info/songs/641
642,歩拾道,MyGO!!!!!,True,112.68,6,12,19,23,,https://bestdori.com/info/songs/642
643,DOKI DOKI SCARY,Poppin'Party,True,103.992,7,12,21,26,,https://bestdori.com/info/songs/643
644,遥か彼方,MyGO!!!!!,True,114.696,8,14,21,26,,https://bestdori.com/info/songs/644
645,ホワイト ノスタルジア,Pastel＊Palettes,True,111.36,7,12,20,24,,https://bestdori.com/info/songs/645
646,“Say cheese!!!!!”,Afterglow,True,108.048,7,14,22,26,,https://bestdori.com/info/songs/646
647,VIVID FIRST TIME,RAISE A SUILEN,True,100.872,7,13,23,26,,https://bestdori.com/info/songs/647
648,Subtitle,MyGO!!!!!,True,117.288,6,12,18,24,,https://bestdori.com/info/songs/648
649,迷星叫(平行歌曲),梦寐以求的共演,True,97.944,6,13,19,26,27,https://bestdori.com/info/songs/649
650,TARINAI,Poppin'Party,True,99.84,8,15,21,27,,https://bestdori.com/info/songs/650
651,愛包ダンスホール,Pastel＊Palettes×兰,True,131.112,8,13,22,26,,https://bestdori.com/info/songs/651
652,WELCOME TO PANDEMONIUM,RAISE A SUILEN,True,106.536,7,13,22,26,,https://bestdori.com/info/songs/652
654,Tempest,Morfonica,True,112.344,9,15,24,28,,https://bestdori.com/info/songs/654
655,シカ色デイズ,"Hello, Happy World！×真白",True,97.104,7,12,22,25,,https://bestdori.com/info/songs/655
656,STEP by STEP UP↑↑↑↑,Poppin'Party,True,104.976,7,13,20,25,,https://bestdori.com/info/songs/656
657,悪魔の子,Roselia×LAYER,True,109.392,5,11,18,23,,https://bestdori.com/info/songs/657
658,マルカリアンチェイン,夢ノ結唱 ROSE,True,152.232,6,11,19,24,,https://bestdori.com/info/songs/658
659,KiLLKiSS,Ave Mujica,True,96.072,8,15,24,28,,https://bestdori.com/info/songs/659
660,Blessing Chord(平行歌曲),I♡宅家生活,True,121.632,8,14,21,26,27,https://bestdori.com/info/songs/660
661,"Georgette Me, Georgette You",Ave Mujica,True,103.992,7,12,19,25,,https://bestdori.com/info/songs/661
662,JUST THE WAY I AM,RAISE A SUILEN,True,116.064,9,15,24,27,,https://bestdori.com/info/songs/662
663,Steer to Utopia,Morfonica,True,104.664,8,14,24,28,,https://bestdori.com/info/songs/663
664,れっつ・スマイル・すとり〜みんぐっ♪,"Hello, Happy World！",True,104.856,8,13,21,26,,https://bestdori.com/info/songs/664
665,Grateful Melting,Roselia,True,106.056,7,12,21,26,,https://bestdori.com/info/songs/665
666,花笑みのデュオ,Afterglow,True,106.272,7,14,23,27,,https://bestdori.com/info/songs/666
667,春日影,CRYCHIC,True,120.048,7,13,19,24,,https://bestdori.com/info/songs/667
668,音一会,MyGO!!!!!,True,129.672,9,13,22,26,,https://bestdori.com/info/songs/668
669,とっておきAnswer,Poppin'Party,True,106.32,8,13,23,26,,https://bestdori.com/info/songs/669
670,Imprisoned XII,Ave Mujica,True,95.784,6,11,19,24,,https://bestdori.com/info/songs/670
671,Crucifix X,Ave Mujica,True,106.08,7,12,20,25,,https://bestdori.com/info/songs/671
672,HOWLING AMBITION,RAISE A SUILEN,True,109.464,7,13,22,26,,https://bestdori.com/info/songs/672
673,はいよろこんで,"Hello, Happy World！",True,103.728,7,12,21,26,,https://bestdori.com/info/songs/673
674,ひとりじゃないんだから(平行歌曲),欢迎光临羽泽咖啡店♪,True,103.704,7,13,20,25,26,https://bestdori.com/info/songs/674
675,最上級にかわいいの！,Pastel＊Palettes,True,103.632,7,12,22,25,,https://bestdori.com/info/songs/675
676,オレンジ,Afterglow,True,102.648,7,12,22,25,,https://bestdori.com/info/songs/676
677,Reweave,Roselia,True,111.528,8,14,23,27,,https://bestdori.com/info/songs/677
678,フィクション,Poppin'Party,True,110.784,9,12,22,26,,https://bestdori.com/info/songs/678
679,第六感,RAISE A SUILEN,True,105.72,7,12,21,25,,https://bestdori.com/info/songs/679
680,だれかの心臓になれたなら,MyGO!!!!!,True,138.264,9,13,23,26,,https://bestdori.com/info/songs/680
681,えがおのオーケストラっ！(平行歌曲),享受优雅的茶会时间♪,True,100.92,6,11,18,23,25,https://bestdori.com/info/songs/681
682,八芒星ダンス,Ave Mujica,True,104.904,8,13,22,27,,https://bestdori.com/info/songs/682
683,聿日箋秋,MyGO!!!!!,True,95.016,8,13,21,25,,https://bestdori.com/info/songs/683
684,焚音打,MyGO!!!!!,True,173.736,11,16,24,28,30,https://bestdori.com/info/songs/684
685,顔,Ave Mujica,True,117.48,7,12,21,26,,https://bestdori.com/info/songs/685
686,天球(そら)のMúsica,Ave Mujica,True,134.808,8,13,22,27,,https://bestdori.com/info/songs/686
687,デイオフ・ラフ・ラブ・サンクス,Pastel＊Palettes,True,116.64,7,13,19,25,,https://bestdori.com/info/songs/687
688,again,Morfonica,True,106.344,7,12,22,26,,https://bestdori.com/info/songs/688
689,[期间限定 SPECIAL]ピコっと！パピっと！！ガルパ☆ピコ！！！,香澄×兰×彩×友希那×心,False,113.736,9,14,21,26,41,https://bestdori.com/info/songs/689
690,Second to None,Roselia,True,107.16,10,15,24,27,,https://bestdori.com/info/songs/690
691,やっほー！いっぽ！わんだふぉー！,"Hello, Happy World！",True,99.072,8,13,23,26,,https://bestdori.com/info/songs/691
692,Portray Empathy,Morfonica,True,106.104,7,14,20,26,,https://bestdori.com/info/songs/692
693,REIGNING,RAISE A SUILEN,True,104.232,8,14,21,26,,https://bestdori.com/info/songs/693
694,Y.O.L.O！！！！！(PasPale ver.),Pastel＊Palettes,True,115.32,9,14,23,28,,https://bestdori.com/info/songs/694
695,Bunny Girl,Afterglow,True,120.816,7,14,19,25,,https://bestdori.com/info/songs/695
696,Dazzle the Destiny,Roselia,True,106.872,8,14,21,27,,https://bestdori.com/info/songs/696
697,最高到達点,"Hello, Happy World！",True,96.432,7,12,19,24,,https://bestdori.com/info/songs/697
698,潜在表明,MyGO!!!!!,True,109.392,6,13,20,25,,https://bestdori.com/info/songs/698
700,Against the Light,Afterglow,True,104.136,9,15,23,27,,https://bestdori.com/info/songs/700
701,Tomorrow's Door,Poppin'Party,True,123.456,7,13,22,25,,https://bestdori.com/info/songs/701
702,愛唄,Afterglow,True,105.936,6,11,19,24,,https://bestdori.com/info/songs/702
703,Polyphonyscape,Morfonica,True,105.168,7,12,22,27,,https://bestdori.com/info/songs/703
704,ロケットサイダー,Poppin'Party,True,117.624,8,13,23,27,,https://bestdori.com/info/songs/704
705,黒のバースデイ,Ave Mujica,True,113.544,9,14,23,27,,https://bestdori.com/info/songs/705
706,FIVE as ONE,RAISE A SUILEN,True,120.048,7,11,19,25,,https://bestdori.com/info/songs/706
707,つよがるガール feat. もっさ,Poppin'Party,True,124.968,8,12,22,26,,https://bestdori.com/info/songs/707
708,Feathered Dreams,Morfonica,True,131.712,8,13,23,26,,https://bestdori.com/info/songs/708
709,Shine ☆n My Life!,Pastel＊Palettes,True,114.384,7,13,20,25,,https://bestdori.com/info/songs/709
710,走り始めたばかりのキミに(平行歌曲),悠悠哉哉GIRLS~,True,117.168,7,12,20,25,27,https://bestdori.com/info/songs/710
711,flame of hope(平行歌曲),COOL BEAUTIES,True,111.84,10,15,23,27,27,https://bestdori.com/info/songs/711
712,Drive Your Heart,Poppin'Party,True,112.056,7,12,23,26,,https://bestdori.com/info/songs/712
713,紫炎,Roselia,True,132.696,8,13,21,26,,https://bestdori.com/info/songs/713
714,Steadfast Spirits,Roselia,True,103.176,9,15,24,28,,https://bestdori.com/info/songs/714
715,残痕字,MyGO!!!!!,True,95.376,7,13,20,25,,https://bestdori.com/info/songs/715
716,アイワナムチュー,Pastel＊Palettes,True,118.536,7,12,20,24,,https://bestdori.com/info/songs/716
717,Requiem for Fate,Roselia,True,113.832,9,14,23,27,,https://bestdori.com/info/songs/717
718,Color of Us,Morfonica,True,97.8,8,12,22,26,,https://bestdori.com/info/songs/718
719,往欄印,MyGO!!!!!,True,139.392,9,15,24,28,,https://bestdori.com/info/songs/719
720,スタ〜リング ☆じぶん☆,"Hello, Happy World！",True,109.44,7,13,21,26,,https://bestdori.com/info/songs/720
721,とーくとぅみー・とーくとぅゆー,"Hello, Happy World！",True,105.168,7,15,22,28,,https://bestdori.com/info/songs/721
722,百花繚乱,RAISE A SUILEN,True,120.864,8,14,22,26,,https://bestdori.com/info/songs/722
723,スキ×すき×カラフリィ,Pastel＊Palettes,True,128.52,7,12,19,24,,https://bestdori.com/info/songs/723
724,Resonant Strings,Morfonica,True,108.36,8,14,24,27,,https://bestdori.com/info/songs/724
725,'FIGHT' ADDICT,RAISE A SUILEN,True,102.216,8,14,22,26,,https://bestdori.com/info/songs/725
726,Feel so good!,Afterglow,True,127.776,7,14,23,26,,https://bestdori.com/info/songs/726
727,季節は次々死んでいく,Afterglow,True,133.992,7,13,21,26,,https://bestdori.com/info/songs/727
728,ビューティ・フォー,Morfonica,True,121.872,9,14,24,27,,https://bestdori.com/info/songs/728
729,オン・ザ・フロントライン,Morfonica,True,132.432,7,13,23,27,,https://bestdori.com/info/songs/729
730,BROKEN GAMES,RAISE A SUILEN,True,136.56,7,12,20,25,,https://bestdori.com/info/songs/730
731,恋愛サーキュレーション,Pastel＊Palettes,True,110.064,6,11,19,24,,https://bestdori.com/info/songs/731
732,Fallen,Roselia,True,134.352,9,14,24,27,,https://bestdori.com/info/songs/732
733,怪獣,"Hello, Happy World！",True,117.384,7,13,21,25,,https://bestdori.com/info/songs/733
734,POP IN 2,Poppin'Party,True,105.072,7,13,22,26,,https://bestdori.com/info/songs/734
735,エガクミライ,MyGO!!!!!,True,117.336,6,12,18,24,,https://bestdori.com/info/songs/735
736,Velonica,MyGO!!!!!,True,131.448,7,12,20,26,,https://bestdori.com/info/songs/736
737,Mas?uerade Rhapsody Re?uest,Ave Mujica,True,111.216,8,14,22,27,,https://bestdori.com/info/songs/737
738,Part of the Life,Afterglow,True,102.552,7,12,22,26,,https://bestdori.com/info/songs/738
739,BIBIBABI BRAVER,RAISE A SUILEN,True,126.768,7,13,23,27,,https://bestdori.com/info/songs/739
740,元祖！バンドリちゃんのテーマ,香澄×兰×彩×友希那×心×真白×LAYER×灯×Doloris×阿拉蕾,True,109.248,8,13,24,28,,https://bestdori.com/info/songs/740
741,世界中の青空をあつめて,Poppin'Party,True,105.216,7,12,22,26,,https://bestdori.com/info/songs/741
742,きみCharmin',Pastel＊Palettes,True,119.112,7,11,20,24,,https://bestdori.com/info/songs/742
743,Sincerely,Roselia,True,105.888,7,12,19,24,,https://bestdori.com/info/songs/743
744,じょいふる,Poppin'Party×Hello Kitty,True,117.792,7,12,21,26,,https://bestdori.com/info/songs/744
745,♡桃色片想い♡,Pastel＊Palettes×美乐蒂,True,123.168,7,12,19,24,,https://bestdori.com/info/songs/745
746,Fear Nothing,Roselia,True,104.4,8,13,23,26,,https://bestdori.com/info/songs/746
747,白い雪のプリンセスは,Morfonica,True,134.472,7,13,22,27,,https://bestdori.com/info/songs/747
748,まぶしいねっ☆ そのえがお！,"Hello, Happy World！",True,104.856,7,12,19,24,,https://bestdori.com/info/songs/748
749,恋人がサンタクロース,Poppin'Party,True,114.888,7,12,20,24,,https://bestdori.com/info/songs/749
750,スマイリーキャロル,"Hello, Happy World！",True,123.336,8,13,22,26,,https://bestdori.com/info/songs/750
751,ミラクルペイント,"Hello, Happy World！",True,145.176,7,14,23,26,,https://bestdori.com/info/songs/751
752,Singer,夢ノ結唱 PASTEL,True,123.168,7,14,22,26,,https://bestdori.com/info/songs/752
753,手を叩け今ここで祈るだけ願うだけ,夢ノ結唱 HALO,True,124.128,7,13,22,26,,https://bestdori.com/info/songs/753
754,端程山,MyGO!!!!!,True,98.688,7,12,20,25,,https://bestdori.com/info/songs/754
755,Drown Out the Noise and Push Through the Trash,RAISE A SUILEN,True,126.384,8,14,23,28,,https://bestdori.com/info/songs/755
756,I wonder,Poppin'Party×兰,True,120.048,6,12,19,25,,https://bestdori.com/info/songs/756
757,マツケンサンバII,"Hello, Happy World！",True,112.512,6,12,20,24,,https://bestdori.com/info/songs/757
758,Same Blue,Morfonica×灯,True,118.104,7,13,21,26,,https://bestdori.com/info/songs/758
759,デビルじゃないもん,Pastel＊Palettes×友希那,True,117.72,7,12,21,26,,https://bestdori.com/info/songs/759
760,イケナイ太陽,"Hello, Happy World！×LAYER",True,104.328,7,12,19,25,,https://bestdori.com/info/songs/760
761,きゅ〜まい＊flower(平行歌曲),坚持所爱♡,True,92.52,9,14,21,26,27,https://bestdori.com/info/songs/761
762,Determination Symphony(平行歌曲),SISTER'S QUARTET,True,130.8,7,13,23,27,26,https://bestdori.com/info/songs/762
763,熱色スターマイン(平行歌曲),向日葵——！,True,118.776,10,14,22,26,26,https://bestdori.com/info/songs/763
764,Shining Leaves,Morfonica,True,103.2,7,12,19,25,,https://bestdori.com/info/songs/764
765,START!! True dreams,Poppin'Party,True,120.072,7,12,20,25,,https://bestdori.com/info/songs/765
766,RUNAWAY STAR,RAISE A SUILEN,True,106.872,7,13,23,27,,https://bestdori.com/info/songs/766
767,Choco Typhooooon!!,Afterglow,True,108.072,7,14,22,27,,https://bestdori.com/info/songs/767
768,どきどきデエト,Poppin'Party,True,113.616,7,12,21,25,,https://bestdori.com/info/songs/768
770,Wonder Night Land,星光茶会,True,106.8,7,12,20,26,,https://bestdori.com/info/songs/770
771,Talk to My Tone,Roselia,True,108.528,5,11,19,24,,https://bestdori.com/info/songs/771
772,Thanks to you.,Pastel＊Palettes,True,108.048,6,12,20,26,,https://bestdori.com/info/songs/772
773,かぽーんっと極楽☆ 湯〜とぴあ！,"Hello, Happy World！",True,107.568,8,13,22,27,,https://bestdori.com/info/songs/773
10001,彩虹节拍,肥皂菌×易言×音阙诗听/赵方婧×西瓜Kune,False,94.248,7,14,18,26,26,https://bestdori.com/info/songs/10001
10002,雪华翩跹，笑看无常,思念和哀伤无法诉说！,True,122.424,7,13,20,25,,https://bestdori.com/info/songs/10002
10003,Mystic Light Quest,佩佩（CV: Machico）,False,162.048,8,13,22,27,,https://bestdori.com/info/songs/10003
10004,蝴蝶飞翔的星月夜,Morfonica,True,103.872,7,12,22,26,,https://bestdori.com/info/songs/10004
